{
    "1724": [
        8330.551470588234,
        8345.088235294119,
        8020.806372549019,
        8180.02205882353,
        8331.585784313726,
        8135.088235294117,
        8218.90931372549,
        8260.237745098038
    ],
    "1730": [
        8210.538,
        8189.275,
        7905.696,
        8266.275,
        6384.052,
        8215.036,
        8175.272,
        8192.727
    ]
}